nr.,xpix.,ypix.,xmm,ymm,powierzchniamm,dlugoscmm,szerokoscmm,kat,obwodmm,obwod_c.mm,srednica_fereta_hmm,srednica_fereta_vmm,sredn._martinamm,sredn._sitowamm,srednia_jaskrawosc,r,g,b,y,liczenie_obiektow_w,udzial_punktow,pole_obrazu_mm2
1,400.0,687.0,40.0,68.7,0.73,1.23547869,0.86482706,153.97,3.40416299,6.6497794,1.0,0.9,1.2,0.96078024,126.3,97.2,135.5,155.4,126.3,1,11.2,7.8
2,192.5,751.0,19.2,75.1,0.64,0.9856945,0.94162722,2.66,2.95563488,6.05565113,0.9,0.8,1.0,0.89917023,118.0,88.6,126.7,150.3,118.0,1,11.0,7.0
3,774.0,426.5,77.4,42.7,0.9,1.40759554,0.93717251,149.65,3.77989894,7.44061987,1.3,1.0,1.4,1.07047447,140.9,108.1,151.4,173.4,141.0,1,11.5,9.3
4,1240.5,226.5,124.1,22.7,1.12,1.70652447,0.92765656,156.12,4.60416301,8.45740665,1.6,0.9,1.7,1.19149574,106.7,76.5,115.3,141.8,106.7,1,13.8,9.6
5,231.5,810.0,23.2,81.0,0.65,1.13872547,0.77512097,91.06,3.13137083,6.06690464,1.1,0.7,1.1,0.90972837,116.1,90.0,123.9,144.8,116.2,1,10.6,7.5
6,695.0,752.5,69.5,75.2,0.47,0.96409779,0.71692405,16.74,2.75563488,5.30966904,0.8,0.8,1.0,0.76945201,101.5,80.8,107.7,123.6,101.5,1,9.8,6.0
7,900.0,88.0,90.0,8.8,1.82,2.16960011,1.39697866,165.88,6.47695516,11.33658114,2.2,1.3,2.2,1.52226672,126.1,93.1,135.9,162.2,126.1,1,16.4,12.8
8,1270.5,109.0,127.1,10.9,1.02,1.61965408,0.92292452,172.96,4.09705623,8.13841273,1.5,0.9,1.6,1.1396071,84.2,62.6,89.6,113.2,84.2,1,21.2,5.7
9,388.5,45.5,38.9,4.5,0.6,1.01557684,0.83449974,34.28,2.95563488,5.82611496,0.9,0.8,1.0,0.8703893,96.3,76.6,101.6,120.9,96.3,1,11.7,6.2
