nr.,xpix.,ypix.,xmm,ymm,powierzchniamm,dlugoscmm,szerokoscmm,kat,obwodmm,obwod_c.mm,srednica_fereta_hmm,srednica_fereta_vmm,sredn._martinamm,sredn._sitowamm,srednia_jaskrawosc,r,g,b,y,liczenie_obiektow_w,udzial_punktow,pole_obrazu_mm2
1,502,227,50.2,22.7,0.43,1.09253473,0.69134264,85.81,2.62426406,5.6753076,0.9,0.5,1.1,0.73561322,159.2,123.8,169.9,197.1,159.2,3,6.0,9.9
2,564,383,56.4,38.3,0.32,0.87265024,0.57665606,68.66,2.36568542,4.6007335,0.7,0.6,0.9,0.63830765,122.6,85.2,132.2,171.0,122.6,2,4.5,9.9
3,933,121,93.3,12.1,1.11,1.57415113,0.99302778,129.06,4.5213203,8.1686823,1.5,1.1,1.6,1.18614067,72.5,46.6,77.8,113.4,72.5,3,12.0,10.9
4,919,900,91.9,90.0,1.13,2.64269905,0.66891942,17.41,5.97989895,11.35034392,2.3,0.7,2.6,1.19948351,94.2,63.0,101.1,140.2,94.2,2,9.7,14.6
5,253,74,25.3,7.4,1.51,2.07726154,0.99268026,54.62,5.56984839,9.94787409,2.1,1.0,2.1,1.38427798,77.9,46.5,84.0,129.3,78.0,2,12.2,14.8
6,487,349,48.7,34.9,0.71,1.50782709,0.70698504,136.93,4.6384776,7.18738948,1.6,0.8,1.5,0.94743542,55.9,38.4,59.5,82.9,55.9,2,11.1,9.0
7,499,440,49.9,44.0,1.08,2.42229481,0.72500787,51.78,6.34558436,10.62057471,2.3,0.8,2.4,1.17264603,107.3,76.3,115.2,148.2,107.4,3,9.2,15.6
8,1075,322,107.5,32.2,1.23,2.34023018,0.72576709,33.6,5.56984839,10.31227699,2.3,0.7,2.3,1.24888688,56.7,41.0,60.0,80.9,56.7,1,14.4,10.2
9,427,694,42.7,69.4,0.62,1.27167826,0.72783103,71.04,3.69705625,6.39836812,1.3,0.7,1.3,0.88848664,67.0,45.3,72.7,95.2,67.0,5,17.0,8.4
