nr.,xpix.,ypix.,xmm,ymm,powierzchniamm,dlugoscmm,szerokoscmm,kat,obwodmm,obwod_c.mm,srednica_fereta_hmm,srednica_fereta_vmm,sredn._martinamm,sredn._sitowamm,srednia_jaskrawosc,r,g,b,y,liczenie_obiektow_w,udzial_punktow,pole_obrazu_mm2
1,250,763,25.0,76.3,1.83,1.62777939,1.56185789,162.04,5.09705623,10.02161112,1.5,1.4,1.6,1.52644304,54.7,31.5,58.7,95.1,54.7,2,19.2,10.8
2,994,757,99.4,75.7,3.09,2.49715271,2.01826,57.49,8.96984842,14.22550597,2.3,1.9,2.5,1.98190413,47.1,31.3,49.8,74.5,47.1,1,40.2,8.7
3,1270,415,127.0,41.5,0.34,1.57712393,0.4739068,175.09,3.64852812,6.91867791,1.6,0.3,1.6,0.65795246,36.2,28.8,35.5,58.5,36.1,1,13.3,3.9
