nr.,xpix.,ypix.,xmm,ymm,powierzchniamm,dlugoscmm,szerokoscmm,kat,obwodmm,obwod_c.mm,srednica_fereta_hmm,srednica_fereta_vmm,sredn._martinamm,sredn._sitowamm,srednia_jaskrawosc,r,g,b,y,liczenie_obiektow_w,udzial_punktow,pole_obrazu_mm2
1,354,748,35.4,74.8,0.9,1.25617104,0.97435551,84.6,4.0384776,7.03539865,1.2,1.0,1.3,1.06749679,67.5,38.3,69.9,132.0,67.5,1,10.2,10.5
2,333,232,33.3,23.2,0.94,2.20783176,0.74671273,132.24,7.61837655,9.85874362,2.1,0.8,2.2,1.09109073,86.0,54.9,91.9,136.9,86.0,2,9.5,13.3
3,936,817,93.6,81.7,1.14,1.77499905,0.88593607,27.24,5.06274166,8.59455269,1.8,0.9,1.8,1.20477927,60.5,45.1,61.0,98.7,60.6,1,12.6,10.9
4,417,421,41.7,42.1,1.13,1.88070164,0.82246981,66.67,4.66274165,8.82087753,1.9,0.9,1.9,1.19948351,63.0,45.1,64.8,100.9,63.0,1,13.6,9.9
5,354,348,35.4,34.8,0.26,0.64540296,0.58935895,168.3,2.13137083,3.88111705,0.6,0.6,0.6,0.57536274,75.3,52.9,79.9,110.9,75.4,1,5.1,7.0
6,754,420,75.4,42.0,1.77,2.25065498,1.26761475,72.58,6.94558437,11.26977056,2.2,1.3,2.3,1.50121084,72.0,46.4,75.1,123.7,72.0,2,16.6,15.4
7,577,622,57.7,62.2,0.71,1.20587959,0.8095438,53.86,3.27279218,6.39300265,1.0,0.9,1.2,0.94743542,47.0,36.4,46.9,75.1,47.0,1,13.3,6.5
8,830,729,83.0,72.9,1.31,1.80509663,1.01220369,13.03,5.0384776,9.02695656,1.8,1.0,1.8,1.28902196,47.4,30.9,49.4,80.8,47.4,1,16.6,9.3
