nr.,xpix.,ypix.,xmm,ymm,powierzchniamm,dlugoscmm,szerokoscmm,kat,obwodmm,obwod_c.mm,srednica_fereta_hmm,srednica_fereta_vmm,sredn._martinamm,sredn._sitowamm,srednia_jaskrawosc,r,g,b,y,liczenie_obiektow_w,udzial_punktow,pole_obrazu_mm2
1,67,197,6.7,19.7,0.76,1.21783524,0.86892176,50.65,3.49705625,6.6016409,1.1,0.9,1.2,0.98369815,45.0,26.3,45.7,90.8,45.0,1,10.2,9.0
2,675,123,67.5,12.3,0.98,1.47035732,0.88890648,73.44,4.26274166,7.52482815,1.5,0.9,1.5,1.11703839,36.1,22.8,36.1,71.0,36.1,3,18.0,10.1
3,696,151,69.6,15.1,0.71,1.26860733,0.85218439,173.13,3.38994948,6.7270386,1.1,0.8,1.3,0.94743542,51.3,31.1,52.6,97.2,51.2,3,9.1,10.2
