nr.,xpix.,ypix.,xmm,ymm,powierzchniamm,dlugoscmm,szerokoscmm,kat,obwodmm,obwod_c.mm,srednica_fereta_hmm,srednica_fereta_vmm,sredn._martinamm,sredn._sitowamm,srednia_jaskrawosc,r,g,b,y,liczenie_obiektow_w,udzial_punktow,pole_obrazu_mm2
1,726,483,72.6,48.3,1.39,1.39038553,1.31929512,138.93,4.72132031,8.51417775,1.4,1.3,1.4,1.32794457,38.6,24.9,39.3,70.7,38.6,1,18.4,8.7
2,387,256,38.7,25.6,1.58,2.14207191,1.30284615,130.55,6.26274165,10.98370546,2.2,1.2,2.1,1.41835062,32.6,20.4,33.8,58.8,32.7,2,24.4,8.1
3,368,260,36.8,26.0,1.99,2.23333473,1.50759888,150.71,7.98406194,11.8633297,2.0,1.8,2.2,1.58977372,32.2,19.5,34.0,56.6,32.2,2,35.1,8.4
