nr.,xpix.,ypix.,xmm,ymm,powierzchniamm,dlugoscmm,szerokoscmm,kat,obwodmm,obwod_c.mm,srednica_fereta_hmm,srednica_fereta_vmm,sredn._martinamm,sredn._sitowamm,srednia_jaskrawosc,r,g,b,y,liczenie_obiektow_w,udzial_punktow,pole_obrazu_mm2
1,1198,157,119.8,15.7,0.68,1.20528822,0.90454712,117.92,4.69705623,6.66195492,1.2,0.9,1.2,0.9304853,80.6,51.6,87.0,123.3,80.5,1,8.8,10.2
2,510,277,51.0,27.7,1.21,2.0155241,0.80929689,54.83,4.82842706,9.28380959,1.9,0.8,2.0,1.24121708,56.4,34.4,61.6,87.5,56.4,1,14.8,9.6
3,204,67,20.4,6.7,0.99,1.72061081,0.77282958,44.89,4.26274166,8.11897529,1.7,0.8,1.7,1.1227231,45.5,27.0,48.7,77.2,45.5,1,15.1,7.8
4,1241,405,124.1,40.5,0.4,0.78374233,0.7380722,43.12,2.38994946,4.78199788,0.7,0.7,0.8,0.70917531,49.9,29.6,53.7,84.0,49.9,1,7.8,6.5
5,252,536,25.2,53.6,0.43,0.89606991,0.71189599,19.31,2.44852812,5.06815545,0.8,0.6,0.9,0.7399277,57.1,38.8,60.9,84.6,57.0,1,7.8,7.0
6,465,115,46.5,11.5,1.39,2.46561871,0.77958565,35.89,5.56984843,10.89558168,2.3,0.8,2.5,1.32794457,44.8,27.4,47.9,74.5,44.8,1,15.4,10.6
7,1132,34,113.2,3.4,2.25,3.78010025,0.94031649,89.1,7.57989894,16.2049707,3.1,0.9,3.8,1.69256875,43.1,26.0,44.8,79.2,43.1,1,22.7,11.5
