nr.,xpix.,ypix.,xmm,ymm,powierzchniamm,dlugoscmm,szerokoscmm,kat,obwodmm,obwod_c.mm,srednica_fereta_hmm,srednica_fereta_vmm,sredn._martinamm,sredn._sitowamm,srednia_jaskrawosc,r,g,b,y,liczenie_obiektow_w,udzial_punktow,pole_obrazu_mm2
1,222,338,22.2,33.8,3.15,2.94693661,1.48536644,150.72,10.53553385,14.30566582,2.9,1.5,2.9,2.0010843,82.5,49.0,87.4,145.0,82.5,1,16.5,22.0
2,338,434,33.8,43.4,1.73,1.5734477,1.47245407,50.13,5.34558437,9.57161286,1.6,1.5,1.6,1.48415107,46.1,28.1,48.3,82.0,46.1,1,16.1,12.2
3,1045,65,104.5,6.5,0.84,1.45089722,0.83686438,35.85,3.72132027,7.31724675,1.4,0.8,1.5,1.03109409,47.4,28.7,49.1,88.3,47.5,2,18.2,8.7
4,274,533,27.4,53.3,1.85,2.16322346,1.30583525,174.96,6.40416301,11.06544531,2.1,1.3,2.2,1.53268619,69.7,57.9,71.0,94.0,69.7,1,13.7,15.2
5,994,226,99.4,22.6,0.59,1.15599432,0.7802104,119.78,3.49705623,6.14018425,1.1,0.8,1.2,0.86672448,57.1,32.5,60.0,106.4,57.1,3,14.4,10.9
