nr.,xpix.,ypix.,xmm,ymm,powierzchniamm,dlugoscmm,szerokoscmm,kat,obwodmm,obwod_c.mm,srednica_fereta_hmm,srednica_fereta_vmm,sredn._martinamm,sredn._sitowamm,srednia_jaskrawosc,r,g,b,y,liczenie_obiektow_w,udzial_punktow,pole_obrazu_mm2
1,911,280,91.1,28.0,1.11,1.40809507,1.11169662,63.77,4.87279218,7.9435656,1.3,1.1,1.4,1.18614067,148.4,96.0,161.9,216.7,148.4,1,8.6,15.5
2,837,432,83.7,43.2,1.65,2.30188122,1.00295963,82.51,6.29705625,10.78745806,2.3,0.9,2.3,1.44942928,170.3,138.5,177.8,214.9,170.3,2,10.8,18.2
3,264,911,26.4,91.1,1.4,1.72504387,1.10407219,151.04,5.86274166,8.99530554,1.6,1.3,1.7,1.33511624,73.6,48.0,78.3,117.1,73.6,1,14.0,11.9
4,903,561,90.3,56.1,0.82,1.29091845,0.94890718,83.2,4.57989895,7.07769617,1.3,0.9,1.3,1.02179079,65.3,40.0,69.1,111.6,65.2,2,9.5,10.9
5,360,738,36.0,73.8,1.02,1.76416321,0.81845255,60.29,4.37989893,8.38787286,1.6,0.8,1.8,1.1396071,61.5,37.1,66.1,102.1,61.6,1,12.4,9.9
6,722,278,72.2,27.8,1.42,2.15136719,0.87636271,136.51,5.22842705,9.93848342,2.1,0.9,2.2,1.34461896,43.5,26.1,47.1,70.5,43.5,1,17.2,9.6
