nr.,xpix.,ypix.,xmm,ymm,powierzchniamm,dlugoscmm,szerokoscmm,kat,obwodmm,obwod_c.mm,srednica_fereta_hmm,srednica_fereta_vmm,sredn._martinamm,sredn._sitowamm,srednia_jaskrawosc,r,g,b,y,liczenie_obiektow_w,udzial_punktow,pole_obrazu_mm2
1,821,415,82.1,41.5,0.26,0.72630606,0.58461275,31.37,2.33137083,4.13041024,0.7,0.5,0.7,0.57536274,143.6,105.7,151.6,202.4,143.7,1,4.1,8.7
2,309,129,30.9,12.9,0.48,0.97978191,0.72456923,137.03,2.73137083,5.38443411,0.8,0.8,1.0,0.78176402,63.4,41.2,63.5,120.5,63.3,1,7.3,8.4
3,486,554,48.6,55.4,1.98,1.91460705,1.52451935,104.43,6.47279218,10.83911317,1.8,1.3,1.9,1.5857642,208.5,168.5,221.9,243.7,208.4,5,10.4,23.5
4,455,546,45.5,54.6,3.21,3.86694489,2.20080471,21.03,15.19827548,19.42344698,4.3,2.1,3.9,2.02008236,130.7,100.9,134.8,187.5,130.7,2,17.1,28.2
5,465,604,46.5,60.4,0.85,1.44080286,0.82238054,58.31,3.89705625,7.24335288,1.4,0.8,1.4,1.04031419,60.6,47.2,61.1,94.1,60.7,2,12.5,9.0
