nr.,xpix.,ypix.,xmm,ymm,powierzchniamm,dlugoscmm,szerokoscmm,kat,obwodmm,obwod_c.mm,srednica_fereta_hmm,srednica_fereta_vmm,sredn._martinamm,sredn._sitowamm,srednia_jaskrawosc,r,g,b,y,liczenie_obiektow_w,udzial_punktow,pole_obrazu_mm2
1,423,316,42.3,31.6,0.8,1.29969559,0.97732286,91.74,4.41421354,7.18935551,1.3,0.8,1.3,1.00925301,158.8,106.7,172.4,225.1,158.7,5,8.6,12.6
2,448,315,44.8,31.5,0.97,1.38599463,1.00463657,177.27,4.67279218,7.55824556,1.3,0.9,1.4,1.10845666,161.5,110.7,176.2,219.2,161.5,2,8.7,14.0
3,491,549,49.1,54.9,1.5,1.62473717,1.30815353,105.7,5.92132031,9.24080677,1.6,1.4,1.6,1.37967138,146.7,97.1,159.1,213.3,146.7,2,11.1,16.0
4,823,411,82.3,41.1,0.2,0.59295492,0.52500253,38.95,1.98994948,3.51541161,0.6,0.5,0.6,0.49827875,77.7,56.3,78.2,130.7,77.6,1,4.8,6.0
