nr.,xpix.,ypix.,xmm,ymm,powierzchniamm,dlugoscmm,szerokoscmm,kat,obwodmm,obwod_c.mm,srednica_fereta_hmm,srednica_fereta_vmm,sredn._martinamm,sredn._sitowamm,srednia_jaskrawosc,r,g,b,y,liczenie_obiektow_w,udzial_punktow,pole_obrazu_mm2
1,194,945,19.4,94.5,0.68,1.47139034,0.77959604,119.82,5.29705625,7.2396747,1.5,0.8,1.5,0.9304853,106.2,67.4,111.6,180.8,106.3,2,9.4,10.2
2,922,152,92.2,15.2,1.48,1.75876217,1.52994051,13.39,5.69705625,10.34427227,1.9,1.1,1.8,1.3727325,137.3,85.6,148.9,213.0,137.3,2,11.5,16.0
3,615,464,61.5,46.4,1.26,1.53365135,1.24499454,109.02,5.47279218,8.75294106,1.5,1.1,1.5,1.26408688,169.3,116.9,184.9,226.2,169.3,2,9.6,15.6
4,481,925,48.1,92.5,1.86,2.58942127,1.12311373,84.01,8.4384776,12.12274298,2.6,1.1,2.6,1.5368342,179.8,127.8,196.5,230.6,179.9,1,12.2,18.4
5,1101,690,110.1,69.0,1.08,1.92584934,0.858319,13.18,5.09705625,9.07127269,1.9,0.9,1.9,1.17264603,66.3,40.9,71.1,108.8,66.3,2,14.0,9.5
6,1167,708,116.7,70.8,0.89,2.05714931,0.62310605,42.38,5.02842708,9.03453671,2.0,0.6,2.1,1.06451078,57.6,36.3,60.8,97.8,57.7,2,12.3,9.3
